photoID,userID,dateTaken,poiID,poiTheme,poiFreq,seqID
2475742318,10429117@N00,1195109578,16,shopping,25,1
2474925505,10429117@N00,1195109726,16,shopping,25,1
2475743026,10429117@N00,1195109802,16,shopping,25,1
2475743508,10429117@N00,1195109885,3,attractions,60,1
2474927111,10429117@N00,1195110441,1,attractions,464,1
2474927359,10429117@N00,1195110698,1,attractions,464,1
2475744896,10429117@N00,1195110709,1,attractions,464,1
2474928619,10429117@N00,1195110986,16,shopping,25,1
2475746796,10429117@N00,1195111840,9,attractions,20,1
2474930175,10429117@N00,1195114475,13,restaurants,9,1
2474931233,10429117@N00,1195115697,13,restaurants,9,1
5539746498,15308437@N00,1300475210,15,nightlife,18,2
7549391186,17856604@N00,1341902319,1,attractions,464,3
7549393050,17856604@N00,1341902331,1,attractions,464,3
7549407430,17856604@N00,1341903759,8,attractions,26,3
7552211880,17856604@N00,1341906023,1,attractions,464,3
7552216806,17856604@N00,1341906028,1,attractions,464,3
7552224564,17856604@N00,1341907135,1,attractions,464,3
7552241528,17856604@N00,1341907816,3,attractions,60,3
6804003464,19347785@N03,1284875516,1,attractions,464,4
10795771696,21147679@N08,1382508437,7,attractions,4,5
10795799756,21147679@N08,1382511801,1,attractions,464,5
10795826796,21147679@N08,1382515258,1,attractions,464,5
10795853996,21147679@N08,1382516095,1,attractions,464,5
10795783106,21147679@N08,1382531965,1,attractions,464,5
8706485627,22326777@N06,1367207435,1,attractions,464,6
5797422583,24048625@N03,1307172969,9,attractions,20,7
9082902722,25888224@N03,1371078870,1,attractions,464,8
9080680389,25888224@N03,1371078945,1,attractions,464,8
9082904186,25888224@N03,1371079265,1,attractions,464,8
9082905664,25888224@N03,1371079275,1,attractions,464,8
9082905976,25888224@N03,1371079581,1,attractions,464,8
9082906652,25888224@N03,1371079589,1,attractions,464,8
9082907746,25888224@N03,1371080158,1,attractions,464,8
9082908658,25888224@N03,1371081365,1,attractions,464,8
9080686617,25888224@N03,1371081392,1,attractions,464,8
9082910302,25888224@N03,1371081424,1,attractions,464,8
9080688595,25888224@N03,1371081438,1,attractions,464,8
9080689601,25888224@N03,1371081545,1,attractions,464,8
9082913298,25888224@N03,1371081572,1,attractions,464,8
9080691429,25888224@N03,1371081707,1,attractions,464,8
9082915684,25888224@N03,1371081720,1,attractions,464,8
9080693229,25888224@N03,1371081908,1,attractions,464,8
9080694301,25888224@N03,1371083110,1,attractions,464,8
9080694955,25888224@N03,1371083189,1,attractions,464,8
10244254824,26958633@N02,1381665226,1,attractions,464,9
2478803706,27921677@N00,1209882673,1,attractions,464,10
2477992283,27921677@N00,1209883117,1,attractions,464,10
2477992963,27921677@N00,1209883866,1,attractions,464,10
2477996309,27921677@N00,1209883897,1,attractions,464,10
2477993577,27921677@N00,1209884074,1,attractions,464,10
2478098281,27921677@N00,1210297982,1,attractions,464,11
9181653427,27959687@N03,1366254210,1,attractions,464,12
9181663269,27959687@N03,1366254555,1,attractions,464,12
9183886584,27959687@N03,1366254577,1,attractions,464,12
9183899664,27959687@N03,1366254889,1,attractions,464,12
9183910926,27959687@N03,1366254956,1,attractions,464,12
9183921608,27959687@N03,1366255084,1,attractions,464,12
9183932830,27959687@N03,1366255645,1,attractions,464,12
9183943648,27959687@N03,1366255682,1,attractions,464,12
9183959350,27959687@N03,1366256801,1,attractions,464,12
9183974758,27959687@N03,1366256860,1,attractions,464,12
9183986194,27959687@N03,1366256938,1,attractions,464,12
9183999962,27959687@N03,1366257018,1,attractions,464,12
9181797981,27959687@N03,1366257389,1,attractions,464,12
9181808193,27959687@N03,1366257406,1,attractions,464,12
9181822417,27959687@N03,1366257795,1,attractions,464,12
9181832899,27959687@N03,1366259771,1,attractions,464,12
9184058668,27959687@N03,1366260904,1,attractions,464,12
9184071948,27959687@N03,1366260914,1,attractions,464,12
9184085094,27959687@N03,1366261062,1,attractions,464,12
9184096682,27959687@N03,1366261789,8,attractions,26,12
9181899699,27959687@N03,1366261810,8,attractions,26,12
9184128168,27959687@N03,1366261833,8,attractions,26,12
9181934163,27959687@N03,1366261903,8,attractions,26,12
4205060323,28023103@N06,1152912757,14,restaurants,93,13
4638138368,28023103@N06,1174427359,14,restaurants,93,14
4070419446,28023103@N06,1227703170,14,restaurants,93,15
4121596812,28023103@N06,1228718501,14,restaurants,93,16
5177866791,28023103@N06,1240732042,8,attractions,26,17
5178517182,28023103@N06,1240732054,8,attractions,26,17
4121604195,28023103@N06,1254890124,14,restaurants,93,18
4059458636,28023103@N06,1256937261,14,restaurants,93,19
4061166034,28023103@N06,1257002082,14,restaurants,93,20
4068402704,28023103@N06,1257150645,14,restaurants,93,21
4070460170,28023103@N06,1257207604,14,restaurants,93,22
4080920821,28023103@N06,1257546501,14,restaurants,93,23
4081239273,28023103@N06,1257558122,14,restaurants,93,23
4093839534,28023103@N06,1257887767,14,restaurants,93,24
4113887925,28023103@N06,1258532643,14,restaurants,93,25
4231096030,28023103@N06,1262249446,14,restaurants,93,26
4231247701,28023103@N06,1262286550,14,restaurants,93,27
4250982233,28023103@N06,1262799711,14,restaurants,93,28
4255305375,28023103@N06,1262923911,14,restaurants,93,29
4255300789,28023103@N06,1262923927,14,restaurants,93,29
4256057042,28023103@N06,1262924008,14,restaurants,93,29
4255278203,28023103@N06,1262924027,14,restaurants,93,29
4256048792,28023103@N06,1262924060,14,restaurants,93,29
4282144950,28023103@N06,1263745441,14,restaurants,93,30
4283963081,28023103@N06,1263806508,14,restaurants,93,31
4315191640,28023103@N06,1264817463,14,restaurants,93,32
4381691638,28023103@N06,1266902304,14,restaurants,93,33
4613953843,28023103@N06,1274073362,14,restaurants,93,34
4626016393,28023103@N06,1274433635,14,restaurants,93,35
4626330181,28023103@N06,1274450822,14,restaurants,93,35
4634172200,28023103@N06,1274665802,14,restaurants,93,36
4637805500,28023103@N06,1274754542,14,restaurants,93,37
4861819523,28023103@N06,1280046667,10,attractions,17,38
4835031603,28023103@N06,1280262542,14,restaurants,93,39
4835731634,28023103@N06,1280264281,14,restaurants,93,39
4835773666,28023103@N06,1280265121,14,restaurants,93,39
4838034000,28023103@N06,1280310200,14,restaurants,93,40
4862880370,28023103@N06,1281000008,14,restaurants,93,41
4862263401,28023103@N06,1281000029,14,restaurants,93,41
4865208381,28023103@N06,1281087964,14,restaurants,93,42
4865833320,28023103@N06,1281088003,14,restaurants,93,42
4865295119,28023103@N06,1281094389,14,restaurants,93,42
4866875201,28023103@N06,1281136952,14,restaurants,93,43
4867721516,28023103@N06,1281138343,14,restaurants,93,43
4868070727,28023103@N06,1281182557,14,restaurants,93,44
4868095713,28023103@N06,1281183721,14,restaurants,93,44
4868792110,28023103@N06,1281185867,14,restaurants,93,44
4870721367,28023103@N06,1281256021,14,restaurants,93,45
4871272603,28023103@N06,1281274082,14,restaurants,93,45
4871896476,28023103@N06,1281274381,14,restaurants,93,45
4871914972,28023103@N06,1281274801,14,restaurants,93,45
4871315061,28023103@N06,1281275041,14,restaurants,93,45
4871975072,28023103@N06,1281276181,14,restaurants,93,45
4872003798,28023103@N06,1281276841,14,restaurants,93,45
4877647732,28023103@N06,1281398258,14,restaurants,93,46
4877652766,28023103@N06,1281398285,14,restaurants,93,46
4880832163,28023103@N06,1281497578,14,restaurants,93,47
4881714893,28023103@N06,1281532503,14,restaurants,93,48
4882265279,28023103@N06,1281544572,14,restaurants,93,48
4883303095,28023103@N06,1281570613,14,restaurants,93,48
4885113341,28023103@N06,1281605913,14,restaurants,93,49
4885723028,28023103@N06,1281605991,14,restaurants,93,49
4889829165,28023103@N06,1281773822,14,restaurants,93,50
4890511460,28023103@N06,1281773831,14,restaurants,93,50
4889955315,28023103@N06,1281773857,14,restaurants,93,50
4892886260,28023103@N06,1281840458,14,restaurants,93,51
4897388229,28023103@N06,1281968704,14,restaurants,93,52
4933198752,28023103@N06,1282941921,14,restaurants,93,53
4941348251,28023103@N06,1283159229,14,restaurants,93,54
4943226144,28023103@N06,1283200919,14,restaurants,93,55
4945252527,28023103@N06,1283246244,14,restaurants,93,56
4973985830,28023103@N06,1283420676,14,restaurants,93,57
4967449276,28023103@N06,1283852586,14,restaurants,93,58
4971281956,28023103@N06,1283935094,14,restaurants,93,59
4971456136,28023103@N06,1283961542,14,restaurants,93,59
5053840980,28023103@N06,1285484896,7,attractions,4,60
5038329555,28023103@N06,1285752500,14,restaurants,93,61
5038987730,28023103@N06,1285753193,14,restaurants,93,61
5038320937,28023103@N06,1285835878,14,restaurants,93,62
5039244441,28023103@N06,1285873201,14,restaurants,93,63
5040537319,28023103@N06,1285912681,14,restaurants,93,64
5044473056,28023103@N06,1285927353,9,attractions,20,64
5042255142,28023103@N06,1285927663,13,restaurants,9,64
5044784500,28023103@N06,1286037964,9,attractions,20,65
5045493164,28023103@N06,1286053845,9,attractions,20,65
5047867040,28023103@N06,1286094490,9,attractions,20,66
5047804020,28023103@N06,1286121061,9,attractions,20,66
5048200242,28023103@N06,1286128442,9,attractions,20,66
5048534704,28023103@N06,1286134063,9,attractions,20,66
5050011925,28023103@N06,1286180106,9,attractions,20,67
5050705144,28023103@N06,1286185865,9,attractions,20,67
5052051318,28023103@N06,1286218731,9,attractions,20,68
5054921273,28023103@N06,1286314028,7,attractions,4,69
5057854985,28023103@N06,1286402330,7,attractions,4,70
5267733081,28023103@N06,1292566301,14,restaurants,93,71
5268528921,28023103@N06,1292577444,14,restaurants,93,71
5269146232,28023103@N06,1292577592,14,restaurants,93,71
5268895172,28023103@N06,1292597401,14,restaurants,93,71
5268937940,28023103@N06,1292598662,14,restaurants,93,71
5269565154,28023103@N06,1292616184,14,restaurants,93,71
5269023435,28023103@N06,1292618281,14,restaurants,93,71
5269679152,28023103@N06,1292619601,14,restaurants,93,71
6932980560,28685313@N00,1334473574,13,restaurants,9,72
6688814319,29626994@N08,1267271013,10,attractions,17,73
53780226,32085032@N00,1128764228,16,shopping,25,74
53780255,32085032@N00,1128764723,1,attractions,464,74
53780274,32085032@N00,1128764891,1,attractions,464,74
53780303,32085032@N00,1128765854,1,attractions,464,74
53780463,32085032@N00,1128817646,2,attractions,133,75
53780481,32085032@N00,1128817676,2,attractions,133,75
53780499,32085032@N00,1128817699,2,attractions,133,75
53780521,32085032@N00,1128817712,2,attractions,133,75
53780554,32085032@N00,1128817861,2,attractions,133,75
53780571,32085032@N00,1128817912,2,attractions,133,75
53780594,32085032@N00,1128818747,2,attractions,133,75
53780610,32085032@N00,1128818912,2,attractions,133,75
53780627,32085032@N00,1128818978,2,attractions,133,75
53780647,32085032@N00,1128819575,2,attractions,133,75
53780766,32085032@N00,1128819840,2,attractions,133,75
53780799,32085032@N00,1128819861,2,attractions,133,75
53780844,32085032@N00,1128819964,2,attractions,133,75
53780854,32085032@N00,1128820583,2,attractions,133,75
53780880,32085032@N00,1128820940,2,attractions,133,75
53780903,32085032@N00,1128820987,2,attractions,133,75
53780920,32085032@N00,1128821182,2,attractions,133,75
53780949,32085032@N00,1128821309,2,attractions,133,75
53780961,32085032@N00,1128821744,2,attractions,133,75
53780982,32085032@N00,1128822161,2,attractions,133,75
53781004,32085032@N00,1128822316,2,attractions,133,75
53781026,32085032@N00,1128822476,2,attractions,133,75
53781053,32085032@N00,1128823499,2,attractions,133,75
9584360061,32811347@N08,1376276854,1,attractions,464,76
9584360165,32811347@N08,1376276876,1,attractions,464,76
9584360243,32811347@N08,1376276971,1,attractions,464,76
9584360321,32811347@N08,1376276983,1,attractions,464,76
9584360405,32811347@N08,1376277240,1,attractions,464,76
9584360481,32811347@N08,1376277625,1,attractions,464,76
9584360543,32811347@N08,1376277656,1,attractions,464,76
9584360607,32811347@N08,1376277928,1,attractions,464,76
9584360689,32811347@N08,1376295751,1,attractions,464,76
9587151346,32811347@N08,1376295816,1,attractions,464,76
9587140922,32811347@N08,1376296098,1,attractions,464,76
9584360935,32811347@N08,1376297175,1,attractions,464,76
9587151520,32811347@N08,1376297182,1,attractions,464,76
9584361135,32811347@N08,1376297279,1,attractions,464,76
9587151738,32811347@N08,1376297289,1,attractions,464,76
9587151806,32811347@N08,1376297576,1,attractions,464,76
7063953751,33634478@N00,1334052249,10,attractions,17,77
7067347467,33634478@N00,1334142979,14,restaurants,93,78
7073247789,33634478@N00,1334310571,10,attractions,17,79
3439761243,33661736@N06,1239677855,16,shopping,25,80
3439787033,33661736@N06,1239678438,1,attractions,464,80
3440653614,33661736@N06,1239679643,1,attractions,464,80
3440657454,33661736@N06,1239679738,1,attractions,464,80
3439895939,33661736@N06,1239680973,1,attractions,464,80
3439899659,33661736@N06,1239681057,1,attractions,464,80
3440752152,33661736@N06,1239682028,1,attractions,464,80
3440312567,33661736@N06,1239693121,14,restaurants,93,80
8821682320,35409927@N05,1364725955,10,attractions,17,81
8821682704,35409927@N05,1364726030,10,attractions,17,81
8821686478,35409927@N05,1364726653,10,attractions,17,81
8821690554,35409927@N05,1364726839,10,attractions,17,81
8811103253,35409927@N05,1364726849,10,attractions,17,81
8748787081,36521977832@N01,1368792313,15,nightlife,18,82
8750009150,36521977832@N01,1368796200,15,nightlife,18,82
8750033042,36521977832@N01,1368797191,15,nightlife,18,82
456750311,37807125@N00,1175946688,8,attractions,26,83
458750450,37807125@N00,1175989374,1,attractions,464,84
458766679,37807125@N00,1175989445,1,attractions,464,84
458767067,37807125@N00,1175989491,1,attractions,464,84
458751548,37807125@N00,1175989655,1,attractions,464,84
458751840,37807125@N00,1175991073,1,attractions,464,84
458768309,37807125@N00,1175991093,1,attractions,464,84
458768763,37807125@N00,1175991133,1,attractions,464,84
458769035,37807125@N00,1175991218,1,attractions,464,84
458769525,37807125@N00,1175991232,1,attractions,464,84
458769697,37807125@N00,1175991686,1,attractions,464,84
458769833,37807125@N00,1175992661,1,attractions,464,84
458754912,37807125@N00,1176004309,2,attractions,133,84
458770917,37807125@N00,1176004401,2,attractions,133,84
458755600,37807125@N00,1176004433,2,attractions,133,84
458755826,37807125@N00,1176005516,2,attractions,133,84
458771931,37807125@N00,1176005707,2,attractions,133,84
9482463940,39155920@N04,1375142697,1,attractions,464,85
9479676053,39155920@N04,1375142721,1,attractions,464,85
9479678883,39155920@N04,1375142724,1,attractions,464,85
9479681007,39155920@N04,1375142770,1,attractions,464,85
9479683943,39155920@N04,1375142924,1,attractions,464,85
9479686559,39155920@N04,1375143065,1,attractions,464,85
9482480490,39155920@N04,1375143183,1,attractions,464,85
9479692159,39155920@N04,1375143428,1,attractions,464,85
9479694945,39155920@N04,1375143848,1,attractions,464,85
9482489474,39155920@N04,1375144448,1,attractions,464,85
9479701623,39155920@N04,1375144505,1,attractions,464,85
9479704173,39155920@N04,1375144558,1,attractions,464,85
9482497394,39155920@N04,1375144578,1,attractions,464,85
9479708415,39155920@N04,1375144611,1,attractions,464,85
9482501982,39155920@N04,1375145998,3,attractions,60,85
9479712775,39155920@N04,1375146205,3,attractions,60,85
9482505616,39155920@N04,1375146865,3,attractions,60,85
9482507280,39155920@N04,1375147734,3,attractions,60,85
9479727865,39155920@N04,1375151149,15,nightlife,18,85
9482516206,39155920@N04,1375153592,9,attractions,20,85
9479730367,39155920@N04,1375153675,9,attractions,20,85
9479734743,39155920@N04,1375154017,15,nightlife,18,85
9487140394,39155920@N04,1376229475,1,attractions,464,86
6015805842,40295335@N00,1310916344,11,attractions,5,87
6015805248,40295335@N00,1310916448,3,attractions,60,87
6015804808,40295335@N00,1310916502,3,attractions,60,87
6018773020,40295335@N00,1310985287,1,attractions,464,88
6018773940,40295335@N00,1310985311,1,attractions,464,88
6018775104,40295335@N00,1310985402,1,attractions,464,88
6018775970,40295335@N00,1310985510,11,attractions,5,88
6019713060,40295335@N00,1310986341,11,attractions,5,88
6019713072,40295335@N00,1310986744,11,attractions,5,88
6015923206,40295335@N00,1310990994,3,attractions,60,88
6018714370,40295335@N00,1310992479,1,attractions,464,88
6015907618,40295335@N00,1310992777,3,attractions,60,88
6015356013,40295335@N00,1310992792,3,attractions,60,88
6022606640,40295335@N00,1310992792,1,attractions,464,88
8709148815,40866968@N06,1367563968,1,attractions,464,89
8710271280,40866968@N06,1367563968,1,attractions,464,89
8710272462,40866968@N06,1367564070,1,attractions,464,89
8709149991,40866968@N06,1367564071,1,attractions,464,89
8709150523,40866968@N06,1367564127,1,attractions,464,89
8710274256,40866968@N06,1367564127,1,attractions,464,89
8710274762,40866968@N06,1367564141,1,attractions,464,89
8710275244,40866968@N06,1367564141,1,attractions,464,89
8710276302,40866968@N06,1367564168,1,attractions,464,89
8709153775,40866968@N06,1367564184,1,attractions,464,89
8710277662,40866968@N06,1367564184,1,attractions,464,89
8709154957,40866968@N06,1367564246,1,attractions,464,89
8710278900,40866968@N06,1367564246,1,attractions,464,89
8710279676,40866968@N06,1367564257,1,attractions,464,89
8709157217,40866968@N06,1367564258,1,attractions,464,89
8709157907,40866968@N06,1367564329,1,attractions,464,89
8709158373,40866968@N06,1367564329,1,attractions,464,89
8709158939,40866968@N06,1367564355,1,attractions,464,89
8710282650,40866968@N06,1367564377,1,attractions,464,89
8710283112,40866968@N06,1367564377,1,attractions,464,89
8709160857,40866968@N06,1367564401,1,attractions,464,89
8710283572,40866968@N06,1367564401,1,attractions,464,89
8710284592,40866968@N06,1367564416,1,attractions,464,89
8710285038,40866968@N06,1367564416,1,attractions,464,89
8709162765,40866968@N06,1367564430,1,attractions,464,89
8710285660,40866968@N06,1367564430,1,attractions,464,89
8709163385,40866968@N06,1367564481,1,attractions,464,89
8709164029,40866968@N06,1367564481,1,attractions,464,89
8709164607,40866968@N06,1367564488,1,attractions,464,89
8710288352,40866968@N06,1367564488,1,attractions,464,89
8710288782,40866968@N06,1367564634,1,attractions,464,89
8710289320,40866968@N06,1367564661,1,attractions,464,89
8709166483,40866968@N06,1367564709,1,attractions,464,89
8710290116,40866968@N06,1367564709,1,attractions,464,89
8710290454,40866968@N06,1367564719,1,attractions,464,89
8710290798,40866968@N06,1367564720,1,attractions,464,89
8709167959,40866968@N06,1367564755,1,attractions,464,89
8709168629,40866968@N06,1367564755,1,attractions,464,89
8709169169,40866968@N06,1367565064,1,attractions,464,89
8710292978,40866968@N06,1367565983,1,attractions,464,89
8710293680,40866968@N06,1367565983,1,attractions,464,89
8709171103,40866968@N06,1367565994,1,attractions,464,89
8709171639,40866968@N06,1367565994,1,attractions,464,89
8710296246,40866968@N06,1367566082,1,attractions,464,89
8710296864,40866968@N06,1367566598,1,attractions,464,89
8710297382,40866968@N06,1367566598,1,attractions,464,89
8709174521,40866968@N06,1367566937,1,attractions,464,89
8709175023,40866968@N06,1367566937,1,attractions,464,89
8710298682,40866968@N06,1367566955,1,attractions,464,89
8710299230,40866968@N06,1367566955,1,attractions,464,89
8710299794,40866968@N06,1367567057,1,attractions,464,89
8710300146,40866968@N06,1367567057,1,attractions,464,89
8709177507,40866968@N06,1367567071,1,attractions,464,89
8710301352,40866968@N06,1367567071,1,attractions,464,89
8709178677,40866968@N06,1367567111,1,attractions,464,89
8710302496,40866968@N06,1367567111,1,attractions,464,89
8709179609,40866968@N06,1367567138,1,attractions,464,89
8710303514,40866968@N06,1367567138,1,attractions,464,89
8709180753,40866968@N06,1367567337,1,attractions,464,89
8709182987,40866968@N06,1367567337,1,attractions,464,89
8709140715,40866968@N06,1367567619,1,attractions,464,89
8709181905,40866968@N06,1367567619,1,attractions,464,89
8709182443,40866968@N06,1367567619,1,attractions,464,89
8709152561,40866968@N06,1367567864,1,attractions,464,89
8709181263,40866968@N06,1367567864,1,attractions,464,89
8710277046,40866968@N06,1367567864,1,attractions,464,89
8710306600,40866968@N06,1367567864,1,attractions,464,89
8710280720,40866968@N06,1367732432,1,attractions,464,90
8710284374,40866968@N06,1367732432,1,attractions,464,90
8709164929,40866968@N06,1367732445,1,attractions,464,90
8710304224,40866968@N06,1367732490,1,attractions,464,90
8240517173,42583704@N00,1354185692,14,restaurants,93,91
8241585570,42583704@N00,1354186050,14,restaurants,93,91
8240516503,42583704@N00,1354189263,10,attractions,17,91
8254524220,42583704@N00,1354242229,1,attractions,464,92
8254523594,42583704@N00,1354242564,1,attractions,464,92
8254522926,42583704@N00,1354242642,1,attractions,464,92
8253448979,42583704@N00,1354242686,1,attractions,464,92
8253448671,42583704@N00,1354243092,1,attractions,464,92
8253447973,42583704@N00,1354244077,1,attractions,464,92
8254521132,42583704@N00,1354244112,1,attractions,464,92
8253446997,42583704@N00,1354244145,1,attractions,464,92
8253446577,42583704@N00,1354244167,1,attractions,464,92
8253446155,42583704@N00,1354244458,1,attractions,464,92
8254518882,42583704@N00,1354245511,1,attractions,464,92
8254518640,42583704@N00,1354245552,1,attractions,464,92
8253444705,42583704@N00,1354245664,1,attractions,464,92
8254517880,42583704@N00,1354246092,1,attractions,464,92
8253443995,42583704@N00,1354246587,1,attractions,464,92
8254516624,42583704@N00,1354246821,1,attractions,464,92
7170753272,42944774@N02,1333267646,1,attractions,464,93
6930240202,42944774@N02,1333274280,1,attractions,464,93
7961943844,43405845@N05,1346670881,10,attractions,17,94
3725753320,45114065@N00,1247713285,15,nightlife,18,95
3725765940,45114065@N00,1247713607,15,nightlife,18,95
3724962607,45114065@N00,1247713737,15,nightlife,18,95
3863903883,45114065@N00,1251454392,16,shopping,25,96
3864023525,45114065@N00,1251459789,15,nightlife,18,96
3864811182,45114065@N00,1251459975,15,nightlife,18,96
4449786671,45114065@N00,1269172322,10,attractions,17,97
4453964326,45114065@N00,1269252062,16,shopping,25,98
4453987716,45114065@N00,1269253022,16,shopping,25,98
4454026774,45114065@N00,1269254582,16,shopping,25,98
4573553723,45114065@N00,1272871446,15,nightlife,18,99
4573589591,45114065@N00,1272872761,15,nightlife,18,99
4574239174,45114065@N00,1272873361,9,attractions,20,99
4574245794,45114065@N00,1272873601,9,attractions,20,99
6064363468,45114065@N00,1313900493,16,shopping,25,100
6063909397,45114065@N00,1313903130,16,shopping,25,100
6063945151,45114065@N00,1313904200,11,attractions,5,100
6064927102,45114065@N00,1313918422,15,nightlife,18,100
4566829292,49296659@N00,1271300242,1,attractions,464,101
409538276,49442084@N00,1172985224,1,attractions,464,102
5708464881,51035566865@N01,1304652476,16,shopping,25,103
5709036140,51035566865@N01,1304654572,13,restaurants,9,103
5708471221,51035566865@N01,1304654576,13,restaurants,9,103
5709059808,51035566865@N01,1304681203,8,attractions,26,103
5708494899,51035566865@N01,1304681222,8,attractions,26,103
5708495399,51035566865@N01,1304681227,8,attractions,26,103
5708517461,51035566865@N01,1304685707,13,restaurants,9,103
26278571,51525230@N00,1121503127,15,nightlife,18,104
10791730953,54383933@N03,1384139652,9,attractions,20,105
10792609683,54383933@N03,1384143385,15,nightlife,18,105
10793501856,54383933@N03,1384148728,9,attractions,20,105
8631396302,57604326@N03,1364599426,1,attractions,464,106
8631397166,57604326@N03,1364599723,1,attractions,464,106
5086102199,57793655@N00,1287028754,1,attractions,464,107
9471708378,59316755@N00,1375596021,1,attractions,464,108
7988380446,59407191@N04,1347375604,1,attractions,464,109
7988374599,59407191@N04,1347375605,2,attractions,133,109
5720989592,62942199@N08,1302923660,1,attractions,464,110
5720432401,62942199@N08,1302923941,1,attractions,464,110
5720990288,62942199@N08,1302923993,1,attractions,464,110
5720433149,62942199@N08,1302924142,1,attractions,464,110
5720433499,62942199@N08,1302924252,1,attractions,464,110
5720433781,62942199@N08,1302924342,1,attractions,464,110
5720991882,62942199@N08,1302924532,1,attractions,464,110
5720434499,62942199@N08,1302924839,1,attractions,464,110
5720434911,62942199@N08,1302924867,1,attractions,464,110
5720993034,62942199@N08,1302924900,1,attractions,464,110
5720435663,62942199@N08,1302925118,1,attractions,464,110
5720436011,62942199@N08,1302925373,1,attractions,464,110
5720994100,62942199@N08,1302925446,1,attractions,464,110
5720436799,62942199@N08,1302925960,1,attractions,464,110
5720994842,62942199@N08,1302926010,1,attractions,464,110
8673817717,63312719@N08,1333849558,8,attractions,26,111
7041484833,64151236@N07,1333003571,3,attractions,60,112
6895389382,64151236@N07,1333003610,2,attractions,133,112
7041491297,64151236@N07,1333003654,2,attractions,133,112
7041492817,64151236@N07,1333003659,2,attractions,133,112
6895398318,64151236@N07,1333003735,1,attractions,464,112
7041496939,64151236@N07,1333003748,2,attractions,133,112
7041500391,64151236@N07,1333003821,2,attractions,133,112
7041502623,64151236@N07,1333004107,2,attractions,133,112
6895408062,64151236@N07,1333004175,1,attractions,464,112
6895409594,64151236@N07,1333004950,1,attractions,464,112
7041508911,64151236@N07,1333004966,1,attractions,464,112
6895413548,64151236@N07,1333004971,2,attractions,133,112
6895414688,64151236@N07,1333004992,2,attractions,133,112
7041513437,64151236@N07,1333005022,2,attractions,133,112
6895418840,64151236@N07,1333005030,1,attractions,464,112
7041517619,64151236@N07,1333005041,2,attractions,133,112
7041518919,64151236@N07,1333005063,1,attractions,464,112
6895422614,64151236@N07,1333005068,1,attractions,464,112
7041444501,64151236@N07,1333271589,2,attractions,133,113
6895350138,64151236@N07,1333271971,2,attractions,133,113
6895351494,64151236@N07,1333272654,2,attractions,133,113
7041444825,64151236@N07,1333334559,2,attractions,133,114
7041447589,64151236@N07,1333334628,2,attractions,133,114
6895352012,64151236@N07,1333334663,2,attractions,133,114
6895373204,64151236@N07,1333334751,16,shopping,25,114
6895374020,64151236@N07,1333334793,2,attractions,133,114
6895374982,64151236@N07,1333334802,2,attractions,133,114
6895376048,64151236@N07,1333334871,2,attractions,133,114
6895376856,64151236@N07,1333335143,3,attractions,60,114
6895377638,64151236@N07,1333335165,3,attractions,60,114
6895378938,64151236@N07,1333335180,2,attractions,133,114
6895380170,64151236@N07,1333335206,3,attractions,60,114
7041478663,64151236@N07,1333335308,3,attractions,60,114
6895382684,64151236@N07,1333335313,3,attractions,60,114
7041481115,64151236@N07,1333335343,3,attractions,60,114
6895385008,64151236@N07,1333335367,3,attractions,60,114
6895389984,64151236@N07,1333335424,2,attractions,133,114
6895391052,64151236@N07,1333335433,2,attractions,133,114
6895456784,64151236@N07,1333335455,3,attractions,60,114
7041493221,64151236@N07,1333335495,2,attractions,133,114
6895397428,64151236@N07,1333335588,2,attractions,133,114
7041496331,64151236@N07,1333335689,2,attractions,133,114
6895403984,64151236@N07,1333335812,2,attractions,133,114
6895406320,64151236@N07,1333335827,2,attractions,133,114
6895408438,64151236@N07,1333335894,2,attractions,133,114
6895412874,64151236@N07,1333335989,2,attractions,133,114
7041511975,64151236@N07,1333336048,2,attractions,133,114
7041516887,64151236@N07,1333337282,2,attractions,133,114
6895420544,64151236@N07,1333337378,2,attractions,133,114
6895421654,64151236@N07,1333337487,2,attractions,133,114
7041520539,64151236@N07,1333337512,2,attractions,133,114
6895426158,64151236@N07,1333337602,2,attractions,133,114
7041525047,64151236@N07,1333337669,1,attractions,464,114
7041526389,64151236@N07,1333337850,2,attractions,133,114
6895429816,64151236@N07,1333337863,1,attractions,464,114
7041528129,64151236@N07,1333337911,1,attractions,464,114
6895431506,64151236@N07,1333337967,1,attractions,464,114
6895432418,64151236@N07,1333337990,2,attractions,133,114
7041530867,64151236@N07,1333338001,1,attractions,464,114
6895434556,64151236@N07,1333338011,1,attractions,464,114
6895435692,64151236@N07,1333339620,2,attractions,133,114
7041535551,64151236@N07,1333339642,1,attractions,464,114
6895439440,64151236@N07,1333339707,1,attractions,464,114
6895440720,64151236@N07,1333339844,1,attractions,464,114
6895441906,64151236@N07,1333339847,1,attractions,464,114
7041540173,64151236@N07,1333339918,1,attractions,464,114
6895444634,64151236@N07,1333339933,1,attractions,464,114
6895445548,64151236@N07,1333339970,1,attractions,464,114
6895446724,64151236@N07,1333340066,1,attractions,464,114
6895448002,64151236@N07,1333340116,1,attractions,464,114
6895457934,64151236@N07,1333340312,1,attractions,464,114
6895458968,64151236@N07,1333340344,1,attractions,464,114
6895460080,64151236@N07,1333340356,1,attractions,464,114
6895461132,64151236@N07,1333340392,1,attractions,464,114
7041559399,64151236@N07,1333340401,1,attractions,464,114
6895463182,64151236@N07,1333340454,1,attractions,464,114
6895464098,64151236@N07,1333340651,1,attractions,464,114
7041562419,64151236@N07,1333340673,1,attractions,464,114
7041563671,64151236@N07,1333340681,1,attractions,464,114
7041564779,64151236@N07,1333341090,1,attractions,464,114
6895468568,64151236@N07,1333341153,1,attractions,464,114
6895469386,64151236@N07,1333341725,1,attractions,464,114
6895470592,64151236@N07,1333342119,1,attractions,464,114
7041568667,64151236@N07,1333342259,1,attractions,464,114
6895472500,64151236@N07,1333342417,1,attractions,464,114
7041570669,64151236@N07,1333342440,1,attractions,464,114
6895474090,64151236@N07,1333342506,1,attractions,464,114
6895475142,64151236@N07,1333342581,1,attractions,464,114
7041573235,64151236@N07,1333342587,1,attractions,464,114
7041574065,64151236@N07,1333342604,1,attractions,464,114
6895477794,64151236@N07,1333342609,1,attractions,464,114
6895478766,64151236@N07,1333342613,1,attractions,464,114
6895479752,64151236@N07,1333342622,1,attractions,464,114
6895480710,64151236@N07,1333342628,1,attractions,464,114
6895481458,64151236@N07,1333342785,1,attractions,464,114
7041579345,64151236@N07,1333342801,1,attractions,464,114
7041580363,64151236@N07,1333342828,1,attractions,464,114
7041581359,64151236@N07,1333342964,1,attractions,464,114
6895484986,64151236@N07,1333342998,1,attractions,464,114
6895485806,64151236@N07,1333343018,1,attractions,464,114
7041583837,64151236@N07,1333343022,1,attractions,464,114
6895487774,64151236@N07,1333343050,1,attractions,464,114
7041585909,64151236@N07,1333343063,1,attractions,464,114
7041586823,64151236@N07,1333343343,1,attractions,464,114
6895490586,64151236@N07,1333343364,1,attractions,464,114
6895491500,64151236@N07,1333343397,1,attractions,464,114
7041589489,64151236@N07,1333343424,1,attractions,464,114
7041590387,64151236@N07,1333343440,1,attractions,464,114
7041591275,64151236@N07,1333343459,1,attractions,464,114
6895494900,64151236@N07,1333343477,1,attractions,464,114
7041593055,64151236@N07,1333343578,1,attractions,464,114
6895496832,64151236@N07,1333343596,1,attractions,464,114
7041594859,64151236@N07,1333343697,1,attractions,464,114
7041595575,64151236@N07,1333343707,1,attractions,464,114
7041596293,64151236@N07,1333343716,1,attractions,464,114
6895499986,64151236@N07,1333343726,1,attractions,464,114
7041598223,64151236@N07,1333343751,1,attractions,464,114
7041599293,64151236@N07,1333343757,1,attractions,464,114
6895503276,64151236@N07,1333343766,1,attractions,464,114
6895504222,64151236@N07,1333343781,1,attractions,464,114
7041602415,64151236@N07,1333343810,1,attractions,464,114
6895506504,64151236@N07,1333343828,1,attractions,464,114
6895507566,64151236@N07,1333343872,1,attractions,464,114
6895508662,64151236@N07,1333343882,1,attractions,464,114
7041607041,64151236@N07,1333343903,1,attractions,464,114
6895511112,64151236@N07,1333343918,1,attractions,464,114
7041609369,64151236@N07,1333343960,1,attractions,464,114
6895513134,64151236@N07,1333343967,1,attractions,464,114
6895514144,64151236@N07,1333344022,1,attractions,464,114
6895515208,64151236@N07,1333344027,1,attractions,464,114
6895516086,64151236@N07,1333344043,1,attractions,464,114
7041613929,64151236@N07,1333344116,1,attractions,464,114
6895517738,64151236@N07,1333344122,1,attractions,464,114
7041615997,64151236@N07,1333344141,1,attractions,464,114
6895519644,64151236@N07,1333344160,1,attractions,464,114
7041617967,64151236@N07,1333344169,1,attractions,464,114
7041618813,64151236@N07,1333344189,1,attractions,464,114
7041619923,64151236@N07,1333344201,1,attractions,464,114
7041621109,64151236@N07,1333344823,1,attractions,464,114
6895525154,64151236@N07,1333344901,1,attractions,464,114
7041623633,64151236@N07,1333344907,1,attractions,464,114
7041624621,64151236@N07,1333344915,1,attractions,464,114
7041625891,64151236@N07,1333344947,1,attractions,464,114
6895529742,64151236@N07,1333345066,1,attractions,464,114
6895530944,64151236@N07,1333345091,1,attractions,464,114
6895532190,64151236@N07,1333345100,1,attractions,464,114
7041631477,64151236@N07,1333345295,3,attractions,60,114
6895535326,64151236@N07,1333345336,3,attractions,60,114
7041453335,64151236@N07,1333347780,2,attractions,133,114
7041447669,64151236@N07,1333348167,2,attractions,133,114
7041449059,64151236@N07,1333348176,2,attractions,133,114
7041453439,64151236@N07,1333348230,2,attractions,133,114
7041454165,64151236@N07,1333348235,2,attractions,133,114
6895358362,64151236@N07,1333348246,2,attractions,133,114
6895359370,64151236@N07,1333348250,2,attractions,133,114
7041457075,64151236@N07,1333348803,2,attractions,133,114
7041457907,64151236@N07,1333348810,2,attractions,133,114
7041458633,64151236@N07,1333348842,2,attractions,133,114
6895362806,64151236@N07,1333348855,2,attractions,133,114
7041460823,64151236@N07,1333348922,2,attractions,133,114
6895364826,64151236@N07,1333348976,2,attractions,133,114
6895365878,64151236@N07,1333349224,2,attractions,133,114
7041464103,64151236@N07,1333349265,2,attractions,133,114
7041465341,64151236@N07,1333349277,2,attractions,133,114
6895369258,64151236@N07,1333349287,2,attractions,133,114
6895370294,64151236@N07,1333349301,2,attractions,133,114
7041468491,64151236@N07,1333349341,2,attractions,133,114
7041469519,64151236@N07,1333349391,16,shopping,25,114
7041470815,64151236@N07,1333349443,16,shopping,25,114
6895374536,64151236@N07,1333349513,16,shopping,25,114
7041472875,64151236@N07,1333349558,3,attractions,60,114
6895376758,64151236@N07,1333349581,3,attractions,60,114
6895378778,64151236@N07,1333349593,2,attractions,133,114
6895380104,64151236@N07,1333349605,3,attractions,60,114
7041484913,64151236@N07,1333349623,3,attractions,60,114
6895390250,64151236@N07,1333350245,2,attractions,133,114
7041492085,64151236@N07,1333350321,2,attractions,133,114
6895398390,64151236@N07,1333350466,1,attractions,464,114
7041496715,64151236@N07,1333350484,2,attractions,133,114
6895404096,64151236@N07,1333350726,2,attractions,133,114
7041504401,64151236@N07,1333350806,1,attractions,464,114
7041509251,64151236@N07,1333350839,1,attractions,464,114
6895413690,64151236@N07,1333351040,2,attractions,133,114
7041512571,64151236@N07,1333351288,1,attractions,464,114
7041519773,64151236@N07,1333351614,1,attractions,464,114
6895426090,64151236@N07,1333351657,2,attractions,133,114
6895427404,64151236@N07,1333351675,1,attractions,464,114
6895428688,64151236@N07,1333351736,2,attractions,133,114
6895429686,64151236@N07,1333351898,1,attractions,464,114
6895430582,64151236@N07,1333351916,1,attractions,464,114
7041528695,64151236@N07,1333351970,1,attractions,464,114
7041529513,64151236@N07,1333352013,1,attractions,464,114
7041530757,64151236@N07,1333352944,1,attractions,464,114
6895434614,64151236@N07,1333352973,1,attractions,464,114
6895435384,64151236@N07,1333353073,2,attractions,133,114
7041454047,64151236@N07,1333354674,2,attractions,133,114
7041454941,64151236@N07,1333358567,10,attractions,17,114
9513988012,70508773@N00,1376525674,1,attractions,464,115
9514211882,70508773@N00,1376528745,1,attractions,464,115
9511616589,70508773@N00,1376531287,1,attractions,464,115
6340965818,71035721@N00,1320817341,14,restaurants,93,116
6330376235,71035721@N00,1320818809,3,attractions,60,116
6340220393,71035721@N00,1320818809,3,attractions,60,116
6340222159,71035721@N00,1320819270,3,attractions,60,116
6553899931,71035721@N00,1320819270,3,attractions,60,116
6223918439,7192664@N07,1315354615,16,shopping,25,117
6224443330,7192664@N07,1315354849,16,shopping,25,117
6224447768,7192664@N07,1315354926,3,attractions,60,117
6224452030,7192664@N07,1315354998,3,attractions,60,117
6224455828,7192664@N07,1315355015,3,attractions,60,117
6223951989,7192664@N07,1315355660,8,attractions,26,117
6223955609,7192664@N07,1315355960,8,attractions,26,117
6223958485,7192664@N07,1315356026,1,attractions,464,117
6224482860,7192664@N07,1315356030,1,attractions,464,117
6223965453,7192664@N07,1315356066,1,attractions,464,117
6223967513,7192664@N07,1315357075,1,attractions,464,117
6223970337,7192664@N07,1315357124,1,attractions,464,117
6223972301,7192664@N07,1315357253,1,attractions,464,117
6223975489,7192664@N07,1315357399,1,attractions,464,117
6223978531,7192664@N07,1315357800,1,attractions,464,117
6223980963,7192664@N07,1315357832,1,attractions,464,117
6224505418,7192664@N07,1315358004,1,attractions,464,117
6223987215,7192664@N07,1315358361,1,attractions,464,117
6224510784,7192664@N07,1315358522,1,attractions,464,117
6223992867,7192664@N07,1315358551,1,attractions,464,117
6223996401,7192664@N07,1315358611,1,attractions,464,117
6223999227,7192664@N07,1315359004,1,attractions,464,117
6224001467,7192664@N07,1315359080,1,attractions,464,117
6224525830,7192664@N07,1315359116,1,attractions,464,117
6224008329,7192664@N07,1315359337,1,attractions,464,117
6224010671,7192664@N07,1315359411,1,attractions,464,117
6224535222,7192664@N07,1315359431,1,attractions,464,117
6224018423,7192664@N07,1315359449,1,attractions,464,117
6224022165,7192664@N07,1315359721,1,attractions,464,117
6224546458,7192664@N07,1315360380,1,attractions,464,117
6224551078,7192664@N07,1315360396,1,attractions,464,117
6224555960,7192664@N07,1315360405,1,attractions,464,117
6224562174,7192664@N07,1315360428,1,attractions,464,117
6224566590,7192664@N07,1315360464,1,attractions,464,117
6224048217,7192664@N07,1315360555,1,attractions,464,117
6224570682,7192664@N07,1315360594,1,attractions,464,117
6224052049,7192664@N07,1315360627,1,attractions,464,117
6224054957,7192664@N07,1315360882,1,attractions,464,117
6224578380,7192664@N07,1315360902,1,attractions,464,117
6224581036,7192664@N07,1315360964,1,attractions,464,117
6224583328,7192664@N07,1315361021,1,attractions,464,117
6224585812,7192664@N07,1315361449,1,attractions,464,117
6224067965,7192664@N07,1315361556,1,attractions,464,117
6224072897,7192664@N07,1315361886,8,attractions,26,117
6224077089,7192664@N07,1315362022,8,attractions,26,117
6224600226,7192664@N07,1315362038,8,attractions,26,117
6224082749,7192664@N07,1315362212,8,attractions,26,117
6224606066,7192664@N07,1315362221,8,attractions,26,117
6224609074,7192664@N07,1315362247,8,attractions,26,117
6224091141,7192664@N07,1315362254,8,attractions,26,117
6224093633,7192664@N07,1315362263,8,attractions,26,117
6224622886,7192664@N07,1315365235,2,attractions,133,117
6224106073,7192664@N07,1315365279,2,attractions,133,117
6224109593,7192664@N07,1315365365,2,attractions,133,117
6224634156,7192664@N07,1315365407,2,attractions,133,117
6224637176,7192664@N07,1315365711,2,attractions,133,117
6224119425,7192664@N07,1315365820,2,attractions,133,117
6224644452,7192664@N07,1315365865,2,attractions,133,117
6224127957,7192664@N07,1315365916,2,attractions,133,117
6224652048,7192664@N07,1315365964,2,attractions,133,117
6224134919,7192664@N07,1315365973,2,attractions,133,117
6224138433,7192664@N07,1315365996,2,attractions,133,117
6224661830,7192664@N07,1315366023,2,attractions,133,117
6224144403,7192664@N07,1315366112,2,attractions,133,117
6224148105,7192664@N07,1315366180,2,attractions,133,117
6224151611,7192664@N07,1315366219,2,attractions,133,117
6224677850,7192664@N07,1315366235,2,attractions,133,117
6224680974,7192664@N07,1315366342,2,attractions,133,117
6224685046,7192664@N07,1315366396,2,attractions,133,117
6224168541,7192664@N07,1315366672,2,attractions,133,117
6224692200,7192664@N07,1315366834,2,attractions,133,117
6224174031,7192664@N07,1315366934,2,attractions,133,117
6224175905,7192664@N07,1315366964,2,attractions,133,117
6224178407,7192664@N07,1315367112,2,attractions,133,117
6224703304,7192664@N07,1315367137,2,attractions,133,117
6224706720,7192664@N07,1315367461,2,attractions,133,117
6224710338,7192664@N07,1315367512,2,attractions,133,117
6224193105,7192664@N07,1315367550,2,attractions,133,117
6224197419,7192664@N07,1315367563,2,attractions,133,117
6224721972,7192664@N07,1315367569,2,attractions,133,117
6224725038,7192664@N07,1315367592,2,attractions,133,117
6224208159,7192664@N07,1315367638,2,attractions,133,117
6224732024,7192664@N07,1315367697,2,attractions,133,117
7376627532,74881150@N00,1339397523,13,restaurants,9,118
7376629398,74881150@N00,1339397543,13,restaurants,9,118
3694482885,75595126@N00,1230959780,3,attractions,60,119
3694483035,75595126@N00,1230959861,3,attractions,60,119
3695291452,75595126@N00,1230961855,1,attractions,464,119
3694483487,75595126@N00,1230962371,1,attractions,464,119
3694484513,75595126@N00,1230962937,1,attractions,464,119
3695293778,75595126@N00,1230964082,1,attractions,464,119
3694485873,75595126@N00,1230965248,1,attractions,464,119
3694486045,75595126@N00,1230965475,3,attractions,60,119
3704293159,75595126@N00,1231031259,2,attractions,133,120
3704293287,75595126@N00,1231031691,2,attractions,133,120
3704293505,75595126@N00,1231032559,2,attractions,133,120
3704293647,75595126@N00,1231038686,2,attractions,133,120
3704293873,75595126@N00,1231038776,2,attractions,133,120
2759158752,77284968@N00,1218462924,10,attractions,17,121
3952693183,77581941@N00,1253868958,9,attractions,20,122
3979454196,77581941@N00,1254034708,1,attractions,464,123
3971454517,77581941@N00,1254034912,1,attractions,464,123
3974502924,77581941@N00,1254038988,3,attractions,60,123
5379948141,77765234@N00,1270269631,8,attractions,26,124
5379948305,77765234@N00,1270270083,8,attractions,26,124
5380548406,77765234@N00,1270274312,8,attractions,26,124
5379948553,77765234@N00,1270280153,8,attractions,26,124
5380548780,77765234@N00,1270280690,3,attractions,60,124
9577776301,77939791@N00,1377307655,1,attractions,464,125
10357286866,79877212@N00,1380286071,3,attractions,60,126
10357480743,79877212@N00,1380286324,3,attractions,60,126
10357294726,79877212@N00,1380288382,3,attractions,60,126
10357295295,79877212@N00,1380292236,3,attractions,60,126
5571016517,8252240@N05,1301226287,15,nightlife,18,127
5571016967,8252240@N05,1301226367,15,nightlife,18,127
5571604934,8252240@N05,1301289500,3,attractions,60,128
5571018355,8252240@N05,1301289758,3,attractions,60,128
5571019051,8252240@N05,1301291334,1,attractions,464,128
5571019701,8252240@N05,1301291964,10,attractions,17,128
5571607218,8252240@N05,1301293044,3,attractions,60,128
5407492065,84056180@N00,1296551235,3,attractions,60,129
5407493547,84056180@N00,1296551451,3,attractions,60,129
5408108020,84056180@N00,1296551611,1,attractions,464,129
5407499199,84056180@N00,1296551739,1,attractions,464,129
5408111088,84056180@N00,1296551770,1,attractions,464,129
5407502283,84056180@N00,1296551846,1,attractions,464,129
5408114220,84056180@N00,1296551950,1,attractions,464,129
5407505481,84056180@N00,1296551963,1,attractions,464,129
5407506853,84056180@N00,1296552218,3,attractions,60,129
5408119694,84056180@N00,1296552334,3,attractions,60,129
5408121022,84056180@N00,1296552349,3,attractions,60,129
5407512317,84056180@N00,1296552354,3,attractions,60,129
5407516175,84056180@N00,1296552506,3,attractions,60,129
5408127886,84056180@N00,1296552971,3,attractions,60,129
5407519197,84056180@N00,1296553508,16,shopping,25,129
5408132100,84056180@N00,1296560058,14,restaurants,93,129
5407524929,84056180@N00,1296560159,14,restaurants,93,129
5407526205,84056180@N00,1296560246,14,restaurants,93,129
5415812792,84056180@N00,1296610222,16,shopping,25,130
5415202989,84056180@N00,1296610314,16,shopping,25,130
5415203797,84056180@N00,1296610325,16,shopping,25,130
5415815430,84056180@N00,1296610414,16,shopping,25,130
5415820080,84056180@N00,1296612172,1,attractions,464,130
5415210089,84056180@N00,1296612198,1,attractions,464,130
5415210785,84056180@N00,1296612291,1,attractions,464,130
5415211725,84056180@N00,1296612531,1,attractions,464,130
5415823248,84056180@N00,1296612625,1,attractions,464,130
5415823922,84056180@N00,1296612654,1,attractions,464,130
5415824840,84056180@N00,1296613060,1,attractions,464,130
5415829722,84056180@N00,1296613818,1,attractions,464,130
5415219843,84056180@N00,1296614055,1,attractions,464,130
5415220655,84056180@N00,1296614124,1,attractions,464,130
5415832428,84056180@N00,1296614238,1,attractions,464,130
5415833076,84056180@N00,1296614306,1,attractions,464,130
5415228971,84056180@N00,1296614958,1,attractions,464,130
5415840268,84056180@N00,1296615034,1,attractions,464,130
5415230245,84056180@N00,1296615169,1,attractions,464,130
5415231171,84056180@N00,1296616150,1,attractions,464,130
5415842810,84056180@N00,1296616164,1,attractions,464,130
5415232935,84056180@N00,1296616171,1,attractions,464,130
5415844580,84056180@N00,1296616208,1,attractions,464,130
5415845480,84056180@N00,1296616218,1,attractions,464,130
5415235529,84056180@N00,1296616239,1,attractions,464,130
5415236461,84056180@N00,1296616300,1,attractions,464,130
5415237287,84056180@N00,1296616846,1,attractions,464,130
8616320599,8435103@N04,1364281969,3,attractions,60,131
8617426592,8435103@N04,1364282653,3,attractions,60,131
8617426464,8435103@N04,1364282673,3,attractions,60,131
8617426098,8435103@N04,1364282721,3,attractions,60,131
8617425888,8435103@N04,1364283283,3,attractions,60,131
8616319353,8435103@N04,1364283508,3,attractions,60,131
6955472211,8664669@N08,1319755889,1,attractions,464,132
6809362560,8664669@N08,1319755912,1,attractions,464,132
6955473951,8664669@N08,1319755933,1,attractions,464,132
6955474749,8664669@N08,1319756105,1,attractions,464,132
6809364760,8664669@N08,1319756124,1,attractions,464,132
6809365626,8664669@N08,1319756557,1,attractions,464,132
6955477169,8664669@N08,1319756583,1,attractions,464,132
6955477999,8664669@N08,1319756632,1,attractions,464,132
6809367898,8664669@N08,1319756754,1,attractions,464,132
6809368742,8664669@N08,1319756968,1,attractions,464,132
6809369646,8664669@N08,1319757036,1,attractions,464,132
6955481323,8664669@N08,1319757238,1,attractions,464,132
6809371036,8664669@N08,1319757446,1,attractions,464,132
6955482593,8664669@N08,1319757568,1,attractions,464,132
6955483419,8664669@N08,1319757600,1,attractions,464,132
6809373190,8664669@N08,1319758055,1,attractions,464,132
6955484771,8664669@N08,1319758130,1,attractions,464,132
6809374778,8664669@N08,1319758155,1,attractions,464,132
6809375370,8664669@N08,1319758218,1,attractions,464,132
6955487069,8664669@N08,1319758267,1,attractions,464,132
6809376662,8664669@N08,1319758309,1,attractions,464,132
6809377494,8664669@N08,1319758417,1,attractions,464,132
6955489145,8664669@N08,1319758896,1,attractions,464,132
6955489807,8664669@N08,1319758926,1,attractions,464,132
6809379702,8664669@N08,1319759055,1,attractions,464,132
6955491261,8664669@N08,1319759128,1,attractions,464,132
6955492001,8664669@N08,1319759223,1,attractions,464,132
6809381800,8664669@N08,1319759298,1,attractions,464,132
6955493227,8664669@N08,1319759316,1,attractions,464,132
6955493875,8664669@N08,1319759404,1,attractions,464,132
6809384152,8664669@N08,1319759470,1,attractions,464,132
6955495535,8664669@N08,1319760467,1,attractions,464,132
6955496055,8664669@N08,1319760480,1,attractions,464,132
6809386068,8664669@N08,1319760671,1,attractions,464,132
6809386596,8664669@N08,1319761306,1,attractions,464,132
6955497993,8664669@N08,1319761319,1,attractions,464,132
6809387704,8664669@N08,1319761361,1,attractions,464,132
6955499285,8664669@N08,1319761408,1,attractions,464,132
6955499877,8664669@N08,1319761454,1,attractions,464,132
6955500521,8664669@N08,1319761469,1,attractions,464,132
6955501215,8664669@N08,1319761979,1,attractions,464,132
6955502131,8664669@N08,1319762563,1,attractions,464,132
6809392064,8664669@N08,1319763143,1,attractions,464,132
6955503705,8664669@N08,1319763229,1,attractions,464,132
6955504413,8664669@N08,1319763305,1,attractions,464,132
6955505223,8664669@N08,1319763336,1,attractions,464,132
9741775072,90893091@N07,1378879489,16,shopping,25,133
2756338350,9248677@N04,1217671569,10,attractions,17,134
2755504861,9248677@N04,1217671629,10,attractions,17,134
12504890275,94136242@N00,1380070861,1,attractions,464,135
12505358854,94136242@N00,1380074923,1,attractions,464,135
10002002415,96196744@N05,1364688871,3,attractions,60,136
10002036804,96196744@N05,1364690993,1,attractions,464,136
10002048375,96196744@N05,1364692516,1,attractions,464,136
10002074854,96196744@N05,1364694197,1,attractions,464,136
10002097945,96196744@N05,1364694648,1,attractions,464,136
8911061248,99136949@N00,1370081151,9,attractions,20,137
